building_name,room_name,building_type,building_size,count,leaf_S,leaf_M,leaf_L,cap_S,cap_M,cap_L,enroll_S,enroll_M,enroll_L,connected_to,Kv,hubKv,hubCapacity
dorm_S,dorm_room,dorm,small,75,5,5,0,1,2,0,1,2,0,transit_space_hub,3,2,150
dorm_M,dorm_room,dorm,medium,30,15,15,0,1,2,0,1,2,0,transit_space_hub,3,2,450
dorm_L,dorm_room,dorm,large,30,25,25,0,1,2,0,1,2,0,transit_space_hub,3,2,750
STEM_S,class,classroom,small,6,3,0,0,20,30,40,15,20,30,transit_space_hub,2,1,450
STEM_M,class,classroom,medium,6,2,3,0,20,30,40,15,20,30,transit_space_hub,2,1,900
STEM_L,class,classroom,large,9,5,3,3,20,30,40,15,20,30,transit_space_hub,2,1,2250
hum_S,class,classroom,small,3,3,0,0,20,30,40,15,20,30,transit_space_hub,2,1,450
hum_M,class,classroom,medium,6,2,3,0,20,30,40,15,20,30,transit_space_hub,2,1,900
hum_L,class,classroom,large,3,5,3,3,20,30,40,15,20,30,transit_space_hub,2,1,2250
art_S,class,classroom,small,6,3,0,0,20,30,40,15,20,30,transit_space_hub,2,1,450
art_M,class,classroom,medium,3,2,3,0,20,30,40,15,20,30,transit_space_hub,2,1,900
art_L,class,classroom,large,3,5,3,3,20,30,40,15,20,30,transit_space_hub,2,1,2250
dining_hall,dining_hall_room,dining,large,3,0,1,6,0,300,500,0,20,100,transit_space_hub,2,1,6000
library,library_leaf,library,large,3,0,0,6,0,0,100,0,0,50,transit_space_hub,2,1,3000
gym,gym_leaf,gym,large,3,0,0,6,0,0,100,0,0,10,transit_space_hub,3,1,600
social_space,socialLeaf,social,medium,3,0,100,0,0,100,0,0,10,0,transit_space_hub,3,0,20000
transit space,transit_space,transit,large,1,0,0,1,0,0,1000,0,0,1000,transit_space_hub,1,1,100000
offCampus,offCampus_leaf,offCampus,large,1,0,0,1,0,0,4500,0,0,2100,transit_space_hub,1,1,30000
STEM_office,STEM_office_leaf,office,large,3,0,0,6,0,0,200,0,0,50,transit_space_hub,2,1,3000
HUM_office,HUM_office_leaf,office,large,3,0,0,6,0,0,100,0,0,25,transit_space_hub,2,1,1500
ART_office,ART_office_leaf,office,large,3,0,0,6,0,0,100,0,0,25,transit_space_hub,2,1,1500
